institute_id,institute_name,address,district,institution_type,women_only,minority,parent_id,method,year,program,level,institutiontype,Women,Minority,state,course
1-44638506195,GYANMANJARI INSTITUTE OF TECHNOLOGY,"SURVEY NO.30, T.P. NO. 06, P.NO. 39, F.P NO. 39, AT SIDSAR, BHAVNAGAR â 364060, GUJARAT, INDIA",BHAVNAGAR,Private-Self Financing,N,N,1-2503123591,fetchdata,2025-2026,Engineering and Technology,1,1,1,1,Gujarat,1
1-44638339730,VIDUSH SOMANY INSTITUTE OF TECHNOLOGY AND RESEARCH,"SARVA VIDYALAYA CAMPUS, BEHIND RAILWAY STATION, KADI",MEHSANA,Private-Self Financing,N,N,1-4316941341,fetchdata,2025-2026,Engineering and Technology,1,1,1,1,Gujarat,1
1-44638423233,GUJARAT TECHNOLOGICAL UNIVERSITY SCHOOL OF ENGINEERING AND TECHNOLOGY,"SABARMATI-KOBA HIGHWAY, NR. VISAT CIRCLE, CHANDKHEDA, AHMEDABAD",AHMEDABAD,State Government University,N,N,1-3389038741,fetchdata,2025-2026,Engineering and Technology,1,1,1,1,Gujarat,1
1-44638556191,GROW MORE FOUNDATION'S GROUP OF INSTITUTIONS,AHMEDABAD -UDAIPUR HIGHWAY HIMATNAGAR DIST- SABARKANTHA,SABARKANTHA,Private-Self Financing,N,N,1-5337541,fetchdata,2025-2026,Engineering and Technology,1,1,1,1,Gujarat,1
1-44638343530,DR. SUBHASH UNIVERSITY,KHAMDHROL ROAD,JUNAGADH,Private-Self Financing,N,N,1-5368841,fetchdata,2025-2026,Engineering and Technology,1,1,1,1,Gujarat,1
1-44638568217,VEERAYATAN POLYTECHNIC,"HARIPAR, MOTA ASAMBIA, BHUJ-MANDVI ROAD, TALUKA MANDVI,",KUTCH,Private-Self Financing,N,N,1-2513582301,fetchdata,2025-2026,Engineering and Technology,1,1,1,1,Gujarat,1
1-44638383804,DHARMSINH DESAI UNIVERSITY,COLLEGE ROAD,KHEDA,State Private University,N,N,1-4329052051,fetchdata,2025-2026,Engineering and Technology,1,1,1,1,Gujarat,1
1-44638569194,PRIME COLLEGE OF DIPLOMA,"278, VILL. MANGROL,MAROLI-UBHRAT ROAD, TA. JALALPORE, DIST. NAVSARI.",NAVSARI,Private-Self Financing,N,N,1-3378069371,fetchdata,2025-2026,Engineering and Technology,1,1,1,1,Gujarat,1
1-44638417896,DEVANG PATEL INSTITUTE OF ADVANCE TECHNOLOGY AND RESEARCH,"CHARUSAT CAMPUS-CHANGA, OFF. NADIAD-PETLAD HIGHWAY, GUJARAT-388421",ANAND,Private-Self Financing,N,N,1-3344377231,fetchdata,2025-2026,Engineering and Technology,1,1,1,1,Gujarat,1
1-44638573601,P P SAVANI SCHOOL OF ENGINEERING,"P P SAVANI KNOWLEDGE CITY CAMPUS,NH 8, GETCO, NEAR BILTECH COMPANY, VILLAGE: DHAMDOD, KOSAMBA,  TA.: MANGROL, DIST.: SURAT - 394125.",SURAT,Private-Self Financing,N,N,1-3390600861,fetchdata,2025-2026,Engineering and Technology,1,1,1,1,Gujarat,1
1-44638180495,VEERAYATAN INSTITUTE OF ENGINEERING,BHUJ-MANDVI ROAD,KUTCH,Private-Self Financing,N,N,1-18894561,fetchdata,2025-2026,Engineering and Technology,1,1,1,1,Gujarat,1
1-44638125832,DIWALIBA POLYTECHNIC,"DIWALIBA POLYTECHNIC, MALIBA-MAHUVA CAMPUS, MAHUVA",SURAT,Private-Self Financing,N,N,1-3708707601,fetchdata,2025-2026,Engineering and Technology,1,1,1,1,Gujarat,1
1-44638127462,PRIME INSTITUTE OF ENGINEERING & TECHNOLOGY,"278 VILL. MANGROL,JALALPORE,NAVSARI(GUJARAT)",NAVSARI,Private-Self Financing,N,N,1-2844517761,fetchdata,2025-2026,Engineering and Technology,1,1,1,1,Gujarat,1
1-44638089876,"LAXMI INSTITUTE OF TECHNOLOGY, SARIGAM",LAXMI VIDYAPEETH P. B. NO. 15 SARIGAM P. O. VALSAD - 396155,VALSAD,Private-Self Financing,N,N,1-940901,fetchdata,2025-2026,Engineering and Technology,1,1,1,1,Gujarat,1
1-44638230051,NEW L J INSTITUTE OF ENGINEERING AND TECHNOLOGY,"FP 372, TP 50, BODAKDEV, GHATLODIA, BEHIND RAJPATH CLUB, S.G. HIGHWAY",AHMEDABAD,Private-Self Financing,N,N,1-4757102601,fetchdata,2025-2026,Engineering and Technology,1,1,1,1,Gujarat,1
1-44638315751,"TATVA INSTITUTE OF TECHNOLOGICAL STUDIE,(TITS),MODASA.","NEAR KARNA PUMP,MODASA- SHAMLAJI  ROAD,MODASA.",SABARKANTHA,Private-Self Financing,N,N,1-4365821,fetchdata,2025-2026,Engineering and Technology,1,1,1,1,Gujarat,1
1-44638298433,SHANKERSINH VAGHELA BAPU TECHNICAL CAMPUS,GANDHINAGAR MANSA HIGHWAY ROAD NR. RANDHEJA RLY CROSSING,GANDHINAGAR,Private-Self Financing,N,N,1-5627221,fetchdata,2025-2026,Engineering and Technology,1,1,1,1,Gujarat,1
1-44638117344,SAL INSTITUTE OF DIPLOMA STUDIES,"OPP. SCIENCE CITY, SOLA ROAD,",AHMEDABAD,Private-Self Financing,N,N,1-4641819651,fetchdata,2025-2026,Engineering and Technology,1,1,1,1,Gujarat,1
1-44638669874,SHREE PAREKH  ENGINEERING COLLEGE,PAREKH COLLEGE GAYATRINAGAR ROAD,BHAVNAGAR,Private-Self Financing,N,N,1-11279026855,fetchdata,2025-2026,Engineering and Technology,1,1,1,1,Gujarat,1
1-44638627247,DR. V. R. GODHANIA COLLEGE OF ENGINEERING & TECHNOLOGY,"BEHIND AMAR PLYFILLS FACTORY, OPP. NEW AIR PORT,' RAJKOT  PORBANDAR NATIONAL HIGHWAY",PORBANDAR,Private-Self Financing,N,N,1-3364413261,fetchdata,2025-2026,Engineering and Technology,1,1,1,1,Gujarat,1
1-44638627780,GMB POLYTECHNIC - RAJULA,"AT:- VILLEGE CHHATADIYA TALUKO:- RAJULA ,NEAR MODEL HIGH SCHOOL -RAJULA  PINCODE-365560 DISTRICT;- AMRELI ,STATE ;- GUJARAT",AMRELI,Government,N,N,1-2863503551,fetchdata,2025-2026,Engineering and Technology,1,1,1,1,Gujarat,1
1-44923903063,INSTITUTE OF ADVANCED RESEARCH,"INSTITUTE OF ADVANCED RESEARCH, KOBA INSTITUTIONAL AREA, NEAR GIFT CITY BRIDGE, GANDHINAGAR - 382426, GUJARAT",GANDHINAGAR,State Private University,N,N,1-44923903063,fetchdata,2025-2026,Engineering and Technology,1,1,1,1,Gujarat,1
1-44638734913,"""SHRI SATSANGI SAKETDHAM 'RAM ASHRAM' GROUP OF INSTITUTIONS""",AT. & PO. VADASMA,MEHSANA,Private-Self Financing,N,N,1-5139051,fetchdata,2025-2026,Engineering and Technology,1,1,1,1,Gujarat,1
1-44637260101,R. N. G. PATEL INSTITUTE OF TECHNOLOGY RNGPIT,"AT :ISROLI, PO:AFWA, BARDOLI-NAVSARI ROAD, BARDOLI",SURAT,Private-Self Financing,N,N,1-3204491,fetchdata,2025-2026,Engineering and Technology,1,1,1,1,Gujarat,1
1-44638609608,CENTER FOR ADVANCED STUDIES IN DESIGN AND RECONFIGURABLE COMPUTING,"C/O DEAN, FACULTY OF TECHNOLOGY AND ENGINEERING, THE MAHARAJA SAYAJIRAO UNIVERSITY OF BARODA, VADODARA-390001 GUJARAT, INDIA",VADODARA,State Government University,N,N,1-2511748131,fetchdata,2025-2026,Engineering and Technology,1,1,1,1,Gujarat,1
1-44639362073,DR.NATUBHAI.P.PATEL POLYTECHNIC,"NEAR RAILWAY STATION, JOTANA  TA. JOTANA",MEHSANA,Private-Self Financing,N,N,1-2183858641,fetchdata,2025-2026,Engineering and Technology,1,1,1,1,Gujarat,1
1-44638827801,BHAGWAN ARIHANT INSTITUTE OF TECHNOLOGY,"SURVEY NO:149, NR,VIP ROAD, B/H.SHYAM MANDIR , VESU - BHARTHANA, SURAT",SURAT,Private-Self Financing,N,N,1-3351195101,fetchdata,2025-2026,Engineering and Technology,1,1,1,1,Gujarat,1
1-44638803128,DR. JIVRAJ MEHTA INSTITUTE OF TECHNOLOGY," NH 8, NEAR SANKARA EYE HOSPITAL,",ANAND,Private-Self Financing,N,N,1-3132391,fetchdata,2025-2026,Engineering and Technology,1,1,1,1,Gujarat,1
1-44639396469,GOVERNMENT POLYTECHNIC FOR GIRLS,"OPP. PHYSICAL RESEARCH LABORATORY, NR. ATIRA NAVRANGPURA",AHMEDABAD,Government,Y,N,1-445415181,fetchdata,2025-2026,Engineering and Technology,1,1,1,1,Gujarat,1
1-44638921637,HJD INSTITUTE OF TECHNICAL EDUCATION AND RESERCH,KERA - MUNDRA ROAD,KUTCH,Private-Self Financing,N,N,1-4590801,fetchdata,2025-2026,Engineering and Technology,1,1,1,1,Gujarat,1
1-44638873312,NOBLE GROUP OF INSTITUTIONS,"""PARTH - VATIKA"", JUNAGADH - BHESAN ROAD,  VIA - VADAL , NR. BAMANGAM, DIST. -  JUNAGADH.",JUNAGADH,Private-Self Financing,N,N,1-442038521,fetchdata,2025-2026,Engineering and Technology,1,1,1,1,Gujarat,1
1-44638835077,SHRI LABHUBHAI TRIVEDI INSTITUTE OF ENGINEERING AND TECHNOLOGY,"AT VILLAGE MAVDI, NEAR GOVERNMENT ENGINEERING COLLEGE, KALAWAD ROAD, RAJKOT",RAJKOT,Private-Self Financing,N,N,1-2933261,fetchdata,2025-2026,Engineering and Technology,1,1,1,1,Gujarat,1
1-44638879989,GOVERNMENT POLYTECHNIC HALOL,"BESIDE PRANT OFFICE, KANJARI ROAD, HALOL",PANCHMAHAL,Government,N,N,1-4528301981,fetchdata,2025-2026,Engineering and Technology,1,1,1,1,Gujarat,1
1-44638932600,PARUL INSTITUTE OF TECHNOLOGY,"P.O.LIMDA, TAL. WAGHODIA, DIST. VADODARA-391760 GUJARAT STATE",VADODARA,Private-Self Financing,N,N,1-1722907,fetchdata,2025-2026,Engineering and Technology,1,1,1,1,Gujarat,1
1-44638960259,DADHICHI DIPLOMA POLYTECHNIC COLLEGE,"GADU - CHORWAD ROAD, NEAR G.E.B., POST:-GADU, TA:- MALIYA (HATINA), DIST.:- JUNAGADH",JUNAGADH,Private-Self Financing,N,N,1-3371966691,fetchdata,2025-2026,Engineering and Technology,1,1,1,1,Gujarat,1
1-44638880562,DR. JIVRAJ MEHTA INSTITUTE OF POLYTECHNIC,"DJMIT COLLEGE CAMPUS, NH-8, NR. SANKARA EYE HOSPITAL, MOGAR, ANAND",ANAND,Private-Self Financing,N,N,1-4571671751,fetchdata,2025-2026,Engineering and Technology,1,1,1,1,Gujarat,1
1-44640049187,SOM-LALIT POLYTECHNIC,"AT& POST:KHADAT MAHUDI ROAD, NEAR PSL FACTORY, TA:MANSA DIST:GANDHINAGAR",GANDHINAGAR,Private-Self Financing,N,N,1-423188921,fetchdata,2025-2026,Engineering and Technology,1,1,1,1,Gujarat,1
1-44640072256,FACULTY OF DIPLOMA ENGINEERING,"AT, POST: VIROD, TA: VADODARA DIST: VADODARA",VADODARA,Private-Self Financing,N,N,1-837271951,fetchdata,2025-2026,Engineering and Technology,1,1,1,1,Gujarat,1
1-44640148515,"POLYTECHNIC, THE MAHARAJA SAYAJIRAO UNIVERSITY OF BARODA",NEAR SHASTRI BRDIGE FATEHGUNJ,VADODARA,State Government University,N,N,1-445652571,fetchdata,2025-2026,Engineering and Technology,1,1,1,1,Gujarat,1
1-44640052172,"GOVERNMENT POLYTECHNIC, JAMNAGAR","VALSURA ROAD, POST - BEDI",JAMNAGAR,Government,N,N,1-431065941,fetchdata,2025-2026,Engineering and Technology,1,1,1,1,Gujarat,1
1-44640165555,B. S. PATEL POLYTECHNIC,"GANPAT VIDYANAGAR, MEHSANA GOZARIA HIGHWAY,",MEHSANA,Private-Self Financing,N,N,1-412736271,fetchdata,2025-2026,Engineering and Technology,1,1,1,1,Gujarat,1
1-44639772141,CHANDUBHAI S. PATEL INSTITUTE OF TECHNOLOGY,EDUCATION CAMPUS AT & PO: CHANGA TA:PETLAD DIST:ANAND PIN:388421,ANAND,Private-Self Financing,N,N,1-11102614,fetchdata,2025-2026,Engineering and Technology,1,1,1,1,Gujarat,1
1-44639546931,D A DEGREE ENGINEERING AND TECHNOLOGY,"HIRABA KELAVANI TRUST EDUCATION CAMPUS, NR KHATRAJ CHOKDI",KHEDA,Private-Self Financing,N,N,1-1553561021,fetchdata,2025-2026,Engineering and Technology,1,1,1,1,Gujarat,1
1-44639586883,GOVERNMENT POLYTECHNIC PALANPUR,GOVERNMENT POLYTECHNIC PALANPUR OUTSIDE MALAN GATE AMBAJI ROAD,BANASKANTHA,Government,N,N,1-429478081,fetchdata,2025-2026,Engineering and Technology,1,1,1,1,Gujarat,1
1-44640150966,"DR. JIVRAJ N. MEHTA GOVERNMENT POLYTECHNIC, AMRELI","LATHI ROAD, NR. RAILWAY CROSSING",AMRELI,Government,N,N,1-442138911,fetchdata,2025-2026,Engineering and Technology,1,1,1,1,Gujarat,1
1-44639786021,GOVERNMENT POLYTECHNIC RAJPIPLA,"AT & POST BHOLAV, CAMPUS OF SHRI K.J. POLYTECHNIC, BHARUCH",BHARUCH,Government,N,N,1-1543501471,fetchdata,2025-2026,Engineering and Technology,1,1,1,1,Gujarat,1
1-44639550540,"POLYTECHNIC, THE MAHARAJA SAYAJIRAO UNIVERSITY OF BARODA","FATEHGUNJ, NEAR SHASTRI BRIDGE,",VADODARA,State Government University,N,N,1-467944651,fetchdata,2025-2026,Engineering and Technology,1,1,1,1,Gujarat,1
1-44639588987,A. V. PAREKH TECHNICAL INSTITUTE,DR. YAGNIK ROAD OPP. HEMU GADHAVI HALL,RAJKOT,Government,N,N,1-444204141,fetchdata,2025-2026,Engineering and Technology,1,1,1,1,Gujarat,1
1-44640141391,VALLABH BUDHI POLYTECHNIC,"NPE CAMPUS, BHANUNAGAR ERU-AAT ROAD, TA-JALALPOR",NAVSARI,Private-Self Financing,N,N,1-422701081,fetchdata,2025-2026,Engineering and Technology,1,1,1,1,Gujarat,1
1-44639595266,"GOVERNMENT POLYTECHNIC, DAHOD","ZALOD ROAD, DAHOD-389151",DAHOD,Government,N,N,1-445639951,fetchdata,2025-2026,Engineering and Technology,1,1,1,1,Gujarat,1
1-44639658589,ADITYA SILVER OAK INSTITUTE OF TECHNOLOGY  WITHIN AHMEDABAD MUNICIPAL CORPORATION LIMIT,"352, 353A, NEAR BHAVIK PUBLICATION, OPP. BHAGWAT VIDHYAPITH, GOTA CROSS  ROAD, S. G. HIGHWAY, AHMEDABAD",AHMEDABAD,State Private University,N,N,1-2186413611,fetchdata,2025-2026,Engineering and Technology,1,1,1,1,Gujarat,1
1-44640095554,L.J. POLYTECHNIC,"L.J. POLYTECHNIC, NR. NAGDEV MANDIR, NR. SARKHEJ-SANANAD CROSS ROAD, S.G. HIGHWAY",AHMEDABAD,Deemed to be University(Pvt),N,N,1-444172233,fetchdata,2025-2026,Engineering and Technology,1,1,1,1,Gujarat,1
1-44640154961,SAL ENGINEERING & TECHNICAL INSTITUTE,"OPP SCIENCE CITY, SOLA ROAD, SOLA",AHMEDABAD,Private-Self Financing,N,N,1-2182588451,fetchdata,2025-2026,Engineering and Technology,1,1,1,1,Gujarat,1
1-44639883539,SAL COLLEGE OF ENGINEERING,"OPP. SCIENCE CITY, VILLAGE BHADAJ, SOLA ROAD",AHMEDABAD,Private-Self Financing,N,N,1-757065121,fetchdata,2025-2026,Engineering and Technology,1,1,1,1,Gujarat,1
1-44640162445,VPMP POLYTECHNIC,"TECHNOLOGY CAMPUS,  NR. ITI, KH-5, SECTOR-15",GANDHINAGAR,Private-Self Financing,N,N,1-399038971,fetchdata,2025-2026,Engineering and Technology,1,1,1,1,Gujarat,1
1-44639521700,"GOVERNMENT POLYTECHNIC,KHEDA","OPP. RASKA CHECK POST, NR. WEIR, AT & PO. RASKA, TA. MAHEMDAVAD, DI.KHEDA, PIN.387120",KHEDA,Government,N,N,1-1502860331,fetchdata,2025-2026,Engineering and Technology,1,1,1,1,Gujarat,1
1-44639864156,MADHUBEN & BHANUBHAI PATEL INSTITUTE OF TECHNOLOGY,"BEYOND GIDC PHASE IV,  POST BOX NO. 8,  NEW VALLABH VIDYANAGAR(GUJARAT) PIN;388 121 DIST:ANAND",ANAND,Private-Self Financing,N,N,1-4293683,fetchdata,2025-2026,Engineering and Technology,1,1,1,1,Gujarat,1
1-44639563433,GIDC DEGREE ENGINERING COLLEGE,"BLOCK NO. 997, VILLAGE: ABRAMA, TALUKA: JALALPORE, DISTRICT, NAVSARI",NAVSARI,Private-Self Financing,N,N,1-730259821,fetchdata,2025-2026,Engineering and Technology,1,1,1,1,Gujarat,1
1-44639754848,VIDHYADEEP INSTITUTE OF ENGINEERING AND TECHNOLOGY,"G.S. HIGHWAY ROAD, AT : ANITA (KIM) TAL : OLPAD",SURAT,State Private University,N,N,1-398255563,fetchdata,2025-2026,Engineering and Technology,1,1,1,1,Gujarat,1
1-44639980047,BHAVNAGAR POLYTECHNIC INSTITUTE,"BEHIND DHAMMAPALI VIPASSANA CENTER, TODI VILLAGE, NEAR PALITANA",BHAVNAGAR,Private-Self Financing,N,N,1-2201310801,fetchdata,2025-2026,Engineering and Technology,1,1,1,1,Gujarat,1
1-44639959497,BHAILALBHAI & BHIKHABHAI INSTITUTE OF TECHNOLOGY,"P.O.BOX NO.3, MOTA BAZAR  OPP-ISKON TEMPLE",ANAND,Govt aided,N,N,1-421475401,fetchdata,2025-2026,Engineering and Technology,1,1,1,1,Gujarat,1
1-44639614689,"GOVERNMENT POLYTECHNIC, GANDHINAGAR","SECTOR -26 , G I D C ELECTRONICS ESTATE,K-6 CIRCLE, GANDHINAGAR",GANDHINAGAR,Government,N,N,1-426004601,fetchdata,2025-2026,Engineering and Technology,1,1,1,1,Gujarat,1
1-44639531687,SMT. R.S PATEL INSTITUTE OF DIPLOMA ENGINEERING,"SHELAVI STATION,  P.O PALASAR TAL. CHANSMA DIST. PATAN (N.G)",PATAN,Private-Self Financing,N,N,1-425482221,fetchdata,2025-2026,Engineering and Technology,1,1,1,1,Gujarat,1
1-44639965613,R. C. TECHNICAL INSTITUTE,"OPP. GUJARAT HIGH COURT, S. G. HIGHWAY,SOLA",AHMEDABAD,Government,N,N,1-429863371,fetchdata,2025-2026,Engineering and Technology,1,1,1,1,Gujarat,1
1-44639986938,MAHAVIR SWAMI COLLEGE OF ENGINEERING & TECHNOLOGY,"SURVEY NO:149, NEW CITY LIGHT ROAD, NR. ASHIRWAD VILLA, B/H. HEENA BUNGLOWS, BHARTHANA - VESU , SURAT",SURAT,Private-Self Financing,N,N,1-757772991,fetchdata,2025-2026,Engineering and Technology,1,1,1,1,Gujarat,1
1-44639969589,DARSHAN INSTITUTE OF ENGINEERING & TECHNOLOGY FOR DIPLOMA STUDIES,"AT: HADALA, NEAR WATER SUMP, RAJKOT-MORBI HIGHWAY",RAJKOT,Private-Self Financing,N,N,1-412677211,fetchdata,2025-2026,Engineering and Technology,1,1,1,1,Gujarat,1
1-44640045394,OM INSTITUTE OF TECHNOLOGY,"AT- VANTAVACHHODA, POST- SHAHERA, DIST-PHANCHMAHAL",PANCHMAHAL,Private-Self Financing,N,N,1-506771961,fetchdata,2025-2026,Engineering and Technology,1,1,1,1,Gujarat,1
1-44640046939,HANSABA COLLEGE OF ENGINEERING & TECHNOLOGY,"SUJANPUR PATIYA, MAHESANA - PALANPUR STATE HIGHWAY NO 41,",PATAN,Private-Self Financing,N,N,1-435893331,fetchdata,2025-2026,Engineering and Technology,1,1,1,1,Gujarat,1
1-44639447780,A. Y. DADABHAI TECHNICAL INSTITUTE,"KOSAMBA- MAHUVEJ ROAD, NEAR OLD MARIYAMBAI HOSPITAL",SURAT,Private-Self Financing,N,N,1-404292091,fetchdata,2025-2026,Engineering and Technology,1,1,1,1,Gujarat,1
1-44639496378,INDO GERMAN TOOL ROOM,"PLOT NO. 5003-09 PHASE - IV, GIDC VATVA, MEHMEDABAD ROAD",AHMEDABAD,Government,N,N,1-448224341,fetchdata,2025-2026,Engineering and Technology,1,1,1,1,Gujarat,1
1-44639945530,"GOVERNMENT ENGINEERING COLLEGE, VALSAD","BETWEEN B.K.M.SCIENCE COLLEGE AND GOVERNMENT POLYTECHNIC, TITHAL ROAD, VALSAD",VALSAD,Government,N,N,1-8518149,fetchdata,2025-2026,Engineering and Technology,1,1,1,1,Gujarat,1
1-44640235438,"KRISHNA INSTITUTE OF ENGINEERING & TECHNOLOGY, JAMNAGAR","JAMBUDA CHOKADI, JAMNAGAR-RAJKOT NATIONAL HIGHWAY, JAMNAGAR",JAMNAGAR,Private-Self Financing,N,N,1-2464910771,fetchdata,2025-2026,Engineering and Technology,1,1,1,1,Gujarat,1
1-44640451541,R.H PATEL INSTITUTE OF TECHNOLOGY,"NEAR SHAH'S WATER CITY, N.H NO.8, TAL. POST. GOBLAJ",KHEDA,Private-Self Financing,N,N,1-404373951,fetchdata,2025-2026,Engineering and Technology,1,1,1,1,Gujarat,1
1-44640826393,"RADHE INSTITUTE OF ENGINEERING & TECHNOLOGY, UPLETA","VADALA ROAD, NR. KISHAN DAIRY, UPLETA , TAL. UPLETA, DIST.RAJKOT",RAJKOT,Private-Self Financing,N,N,1-2181202221,fetchdata,2025-2026,Engineering and Technology,1,1,1,1,Gujarat,1
1-44640580077,SHREE HARI POLYTECHNIC INSTITUTE,GURUKUL CAMPUS NANI KADI TALUKA KADI DISTRICT MEHSANA GUJARAT,MEHSANA,Private-Self Financing,N,N,1-455686471,fetchdata,2025-2026,Engineering and Technology,1,1,1,1,Gujarat,1
1-44640280112,IMAGE ENGINEERING & TECHNICAL  INSTITUTE,"AT & POST. ASHALALI, MATAR-KHMABHAT ROAD, TA. MATAR",KHEDA,Private-Self Financing,N,N,1-413864571,fetchdata,2025-2026,Engineering and Technology,1,1,1,1,Gujarat,1
1-44640204393,EXCEL INSTITUTE OF DIPLOMA STUDIES,"BLOCK NO.:224, NR.AMRIT HOTEL, AT:OLA,PO: ISHAND,TA:KALOL, DIST.: GANDHINAGAR",GANDHINAGAR,Private-Self Financing,N,N,1-433702761,fetchdata,2025-2026,Engineering and Technology,1,1,1,1,Gujarat,1
1-44640283610,"GOVERNMENT POLYTECHNIC , AHMEDABAD","NR. PANJRAPOLE CHAR RASTA , AMBAWADI , AHMEDABAD",AHMEDABAD,Government,N,N,1-435409641,fetchdata,2025-2026,Engineering and Technology,1,1,1,1,Gujarat,1
1-44640371659,SHRI J.M.SABVA INSTITUTE OF ENGINEERING & TECHNOLOGY,BHAVNAGAR ROAD,BHAVNAGAR,Private-Self Financing,N,N,1-452024511,fetchdata,2025-2026,Engineering and Technology,1,1,1,1,Gujarat,1
1-44640415205,ARRDEKTA INSTITUTE OF TECHNOLOGY,"AHMEDABAD-AMBAJI STATE HIGHWAY NO. 09, OPP. EKTA INSTITUTE., AT: RADHIWAD, PO.: NAVI METRAL TAL. KHEDBRAHMA, DIST. SABARKANTHA, GUJARAT- 383270",SABARKANTHA,Private-Self Financing,N,N,1-422444201,fetchdata,2025-2026,Engineering and Technology,1,1,1,1,Gujarat,1
1-44640586918,PACIFIC SCHOOL OF ENGINEERING,"PLOT NO.: 87, 91, 92, 96, SANKI, PALSANA, SURAT",SURAT,Private-Self Financing,N,N,1-749295341,fetchdata,2025-2026,Engineering and Technology,1,1,1,1,Gujarat,1
1-44640290488,PANDIT DEENDAYAL ENERGY UNIVERSITY,"PANDIT DEENDAYAL PETROLEUM UNIVERSITY, RAISAN, GANDHINAGAR",GANDHINAGAR,State Private University,N,N,1-833641561,fetchdata,2025-2026,Engineering and Technology,1,1,1,1,Gujarat,1
1-44640419040,AMRUT INSTITUTE JUNAGADH,"KHADILYA - BILKHA ROAD, TA./DIST. JUNAGADH,",JUNAGADH,Private-Self Financing,N,N,1-485046991,fetchdata,2025-2026,Engineering and Technology,1,1,1,1,Gujarat,1
1-44640673758,SHREE SWAMINARAYAN POLYTEHNIC,"SEC-22,GANDHINAGAR",GANDHINAGAR,Private-Self Financing,N,N,1-2187497711,fetchdata,2025-2026,Engineering and Technology,1,1,1,1,Gujarat,1
1-44640637702,PANDIT DEENDAYAL ENERGY UNIVERSITY,"PANDIT DEENDAYAL PETROLEUM UNIVERSITY, RAISAN",GANDHINAGAR,State Private University,N,N,1-513931101,fetchdata,2025-2026,Engineering and Technology,1,1,1,1,Gujarat,1
1-44640721858,DR. S.&S.S. GHANDHY COLLEGE OF ENGINEERING & TECHNOLOGY,"MAJURA GATE, RING ROAD",SURAT,Government,N,N,1-445039751,fetchdata,2025-2026,Engineering and Technology,1,1,1,1,Gujarat,1
1-44640808417,"GOVERNMENT POLYTECHNIC WAGHAI,DIST-DANG","GOVERNMENT POLYTECHNIC WAGHAI,DIST-DANG",THE DANGS,Government,N,N,1-431062713,fetchdata,2025-2026,Engineering and Technology,1,1,1,1,Gujarat,1
1-44640428097,VADODARA INSTITUTE OF ENGINEERING,"VADODARA-HALOL TOLL ROAD AT. KOTAMBI, TA. WAGHODIA DIST. VADODARA  GUJARAT  PIN - 391510",VADODARA,Private-Self Financing,N,N,1-5088856,fetchdata,2025-2026,Engineering and Technology,1,1,1,1,Gujarat,1
1-44640811612,JAYVANTRAI HARRAI DESAI POLYTECHNIC,"AT & PO: PALSANA PALSANA-BALESHWAR RD, DIST:SURAT PIN-394315",SURAT,Private-Self Financing,N,N,1-450942361,fetchdata,2025-2026,Engineering and Technology,1,1,1,1,Gujarat,1
1-44640685626,SWAMINARAYAN COLLEGE OF ENGINEERING & TECHNOLOGY(DIPLOMA),"OPP. KALOL G.I.D.C., MEHASANA HIGHWAY",GANDHINAGAR,Private-Self Financing,N,N,1-440350601,fetchdata,2025-2026,Engineering and Technology,1,1,1,1,Gujarat,1
1-44640183066,C.U.SHAH POLYTECHNIC,"NEAR BODA TALAV,G.I.D.C. AREA,WADHWAN CITY",SURENDRANAGAR,Government,N,N,1-448021571,fetchdata,2025-2026,Engineering and Technology,1,1,1,1,Gujarat,1
1-44640223458,OM ENGINEERING COLLEGE,"JUNAGADH-BHESAN ROAD, AT : CHOKLI, DIST : JUNAGADH GUJARAT",JUNAGADH,Private-Self Financing,N,N,1-440448441,fetchdata,2025-2026,Engineering and Technology,1,1,1,1,Gujarat,1
1-44640224725,MAHAVIR SWAMI COLLEGE OF POLYTECHNIC,"SURVEY NO. 149, NR. ASHIRWADVILLA, B/H HEENA BUNGALOW, NEW CITY LIGHT ROAD, BHARTHA-VESU,",SURAT,Private-Self Financing,N,N,1-757792951,fetchdata,2025-2026,Engineering and Technology,1,1,1,1,Gujarat,1
1-44640225277,N. R. VEKARIA INSTITUTE OF TECHNOLOGY,"C/O. COMMERCE LAW COLLEGE CAMPUS, BILKHA ROAD, JUNAGADH-362001",JUNAGADH,Private-Self Financing,N,N,1-431347801,fetchdata,2025-2026,Engineering and Technology,1,1,1,1,Gujarat,1
1-44640609655,GOVERNMENT POLYTECHNIC - JUNAGADH,"BHILKHA ROAD, AT & POST- KHADIYA,  TALUKA & DIST-JUNAGADH-362263",JUNAGADH,Government,N,N,1-437556711,fetchdata,2025-2026,Engineering and Technology,1,1,1,1,Gujarat,1
1-44640652483,T.F.GANDHIDHAM POLYTECHNIC,"POST BOX NO-21, NR. RAILWAY STATION, ADIPUR",KUTCH,Govt aided,N,Y,1-441584783,fetchdata,2025-2026,Engineering and Technology,1,1,1,1,Gujarat,1
1-44640398922,VALIA POLYTECHNIC COLLEGE,"DESAD ROAD, NEAR MANIBA GYANDEEP HOSTEL, VALIA,DIST-BHARUCH,GUJARAT, 393001",BHARUCH,Private-Self Financing,N,N,1-484648641,fetchdata,2025-2026,Engineering and Technology,1,1,1,1,Gujarat,1
1-44640821900,"SHRI K.J.POLYTECHNIC, BHARUCH","OLD NATIONAL HIGHWAY NO.8, BHOLAV,BHARUCH, PIN-392002",BHARUCH,Government,N,N,1-431266891,fetchdata,2025-2026,Engineering and Technology,1,1,1,1,Gujarat,1
1-44640823722,BHULABHAI VANMALIBHAI PATEL INSTITUTE OF TECHNOLOGY(DIPLOMA STUDIES),VIDYABHARTI CAMPUS AT & PO:- UMRAKH,SURAT,Private-Self Financing,N,N,1-421175351,fetchdata,2025-2026,Engineering and Technology,1,1,1,1,Gujarat,1
1-44640191315,SHREE DHANVANTARY COLLEGE OF ENGINEERING AND TECHNOLOGY,"NEAR RAILWAY STATION KUDSAD ROAD, TA OLPAD",SURAT,Private-Self Financing,N,N,1-1488044611,fetchdata,2025-2026,Engineering and Technology,1,1,1,1,Gujarat,1
1-44640825251,SWAMINARAYAN COLLEGE OF ENGINEERING & TECHNOLOGY(DEGREE),OPP. KALOL G.I.D.C. MEHSANA HIGHWAY,GANDHINAGAR,Private-Self Financing,N,N,1-507772031,fetchdata,2025-2026,Engineering and Technology,1,1,1,1,Gujarat,1
1-44640195682,PARUL INSTITUTE OF ENGINEERING & TECHNOLOGY,"P.O. LIMDA, TAL.WAGHODIA, DIST. VADODARA-391760, GUJARAT STATE",VADODARA,Private-Self Financing,N,N,1-3934011,fetchdata,2025-2026,Engineering and Technology,1,1,1,1,Gujarat,1
1-44640234814,GUJARAT TECHNOLOGICAL UNIVERSITY - INSTITUTE OF TECHNOLOGY & RESEARCH,"NEAR TOLL BOOTH, AHMEDABAD-MEHSANA EXPRESS HIGHWAY,",MEHSANA,Government,N,N,1-459050071,fetchdata,2025-2026,Engineering and Technology,1,1,1,1,Gujarat,1
1-44641041422,"GOVERNMENT POLYTECHNIC,NAVSARI","GOVERNMENT POLYTECHNIC,NAVSARI VILLAGE-MATVAD, DANDI ROAD, TA- JALALPORE, DIST- NAVSARI, PIN-396439",NAVSARI,Government,N,N,1-1476111671,fetchdata,2025-2026,Engineering and Technology,1,1,1,1,Gujarat,1
1-44641087510,"GOVERNMENT POLYTECHNIC, VYARA","GOVERNMENT POLYTECHNIC VYARA, AT.- INDU, BEHIND I.T.I. INDU, TALUKA- VYARA, DISTRICT- TAPI, STATE- GUJARAT, PIN. NO. 394650",SURAT,Government,N,N,1-1574475961,fetchdata,2025-2026,Engineering and Technology,1,1,1,1,Gujarat,1
1-44641132081,SWAMI KRISHNAJIVANDASJI INSTITUTE OF TECHNOLOGY,HANSALPUR-SOKLI ROAD. NR NARMADA CANAL. HANSALPUR,AHMEDABAD,Private-Self Financing,N,N,1-425537971,fetchdata,2025-2026,Engineering and Technology,1,1,1,1,Gujarat,1
1-44640964512,ASIATIC INSTITUTE OF SCIENCE & TECHNOLOGY,AT. JAMVADI TA. GONDAL DIST. RAJKOT,RAJKOT,Private-Self Financing,N,N,1-1553813651,fetchdata,2025-2026,Engineering and Technology,1,1,1,1,Gujarat,1
1-44640966135,GOVERNMENT POLYTECHNIC PORBANDAR,NH-8B OPP. AIRPORT CHHAYA,PORBANDAR,Government,N,N,1-444205821,fetchdata,2025-2026,Engineering and Technology,1,1,1,1,Gujarat,1
1-44641178786,ARPIT INSTITUTE OF ENGINEERING AND TECHNOLOGY (DIPLOMA),"RAJKOT-MORBI NATIONAL HIGHWAY, HADALA-RAJKOT",RAJKOT,Private-Self Financing,N,N,1-475712711,fetchdata,2025-2026,Engineering and Technology,1,1,1,1,Gujarat,1
1-44641347053,NAVSARJAN SCHOOL OF TECHNOLOGY,AT:PIPLAJ  TA:GANDHINAGAR DIST:GANDHINAGAR,GANDHINAGAR,Private-Self Financing,N,N,1-1427432091,fetchdata,2025-2026,Engineering and Technology,1,1,1,1,Gujarat,1
1-44640884023,S.S.AGRAWAL INSTITUTE OF ENGINEERING & TECHNOLOGY,"VEERANJALI MARG, OPP. VIDYAKUNJ HIGH SCHOOL, NR. DEVINA PARK SOC.,GANDEVI ROAD",NAVSARI,Private-Self Financing,N,N,1-2183306931,fetchdata,2025-2026,Engineering and Technology,1,1,1,1,Gujarat,1
1-44640970669,GOVERMENT POLYTECHNIC,B/H S.T. WORKSHOP VADNAGAR DIST-MEHSANA,MEHSANA,Government,N,N,1-444227583,fetchdata,2025-2026,Engineering and Technology,1,1,1,1,Gujarat,1
1-44640972364,SIR BHAVSINHJI POLYTECHNIC INSTITUTE,"OPP. VALIYA ARTS COLLEGE, VIDHYANAGAR",BHAVNAGAR,Government,N,N,1-425826431,fetchdata,2025-2026,Engineering and Technology,1,1,1,1,Gujarat,1
1-44641351234,F.D.(MUBIN) INSTITUTE OF ENGINEERING & TECHNOLOGY,SURVEY NO 582/587 BAHIYAL PIN 382308 TAL  DEHGAM DIST GANDHINAGAR GUJARAT,GANDHINAGAR,Private-Self Financing,N,N,1-447713131,fetchdata,2025-2026,Engineering and Technology,1,1,1,1,Gujarat,1
1-44641394123,GOVERNMENT ENGINEERING COLLEGE PALANPUR,AT AND POST JAGANA PALANPUR-AHMEDABAD HIGHWAY PALANPUR - 385011,BANASKANTHA,Government,N,N,1-8559385,fetchdata,2025-2026,Engineering and Technology,1,1,1,1,Gujarat,1
1-44640973124,BALASINOR COLLEGE OF POLYTECHNIC,"BAIDAP ROAD, AT. PO. BALASINOR, DIST - KHEDA, GUJARAT STATE (INDIA), PIN-388255.",KHEDA,Private-Self Financing,N,N,1-404434391,fetchdata,2025-2026,Engineering and Technology,1,1,1,1,Gujarat,1
1-44641270113,"GOVERNMENT POLYTECHNIC,GODHRA",RS NO. 235 NEAR GADUKPUR GODHRA,PANCHMAHAL,Government,N,N,1-409830631,fetchdata,2025-2026,Engineering and Technology,1,1,1,1,Gujarat,1
1-44641481966,BUTLER POLYTECHNIC,FMTI CAPMUS EME CIRC LE SAMA ROAD,VADODARA,Private-Self Financing,N,N,1-439860163,fetchdata,2025-2026,Engineering and Technology,1,1,1,1,Gujarat,1
1-44640936781,APOLLO INSTITUTE OF ENGGINEERING & TECHNOLOGY,"C/O SNME CAMPUS AT: ANASAN, NARODA-DEHGAM ROAD,TA: DASKROI, AHMEDABAD-382330  GUJARAT",AHMEDABAD,Private-Self Financing,N,N,1-2186688401,fetchdata,2025-2026,Engineering and Technology,1,1,1,1,Gujarat,1
1-44641232721,"H.B.PATEL INSTITUTE OF DIPLOMA ENGG. & TECH,LIMBODARA,LUNAVADA","AT-LIMBODARA, NR.MAHI RIVER BRIDGE, TA-LUNAWADA, DIST-PANCHMAHAL",PANCHMAHAL,Private-Self Financing,N,N,1-423118263,fetchdata,2025-2026,Engineering and Technology,1,1,1,1,Gujarat,1
1-44641274556,ASIAN INSTITUTE OF TECHNOLGY,"AT & POST : VADALI, NEAR RAILWAY CROSSING, IDAR-KHEDBRAHMA ROAD, TA : VADALI, DIST : SABARKANTHA",SABARKANTHA,Private-Self Financing,N,N,1-2187393761,fetchdata,2025-2026,Engineering and Technology,1,1,1,1,Gujarat,1
1-44640937807,KILACHAND DEVCHAND POLYTECHNIC,"NEAR HEMCHANDRACHARYA NORTH GUJARAT UNIVERSITY, OPP. T. B. HOSPITAL,  UNIVERSITY ROAD",PATAN,Government,N,N,1-445056771,fetchdata,2025-2026,Engineering and Technology,1,1,1,1,Gujarat,1
1-44640978352,"GOVERNMENT POLYTECHNIC, VALSAD","GOVERNMENT POLYTECHNIC, KOSAMBA ROAD",VALSAD,Government,N,N,1-425854431,fetchdata,2025-2026,Engineering and Technology,1,1,1,1,Gujarat,1
1-44640982425,LUKHDHIRJI ENGINEERING COLLEGE,"NEAR I.T.I. MORBI CAMPUS, OPP. MAHENDRANAGAR OVERHEAD TANK, GHUNTU ROAD, PIPDI VILLAGE, MORBI-2, PINCODE - 363642",RAJKOT,Government,N,N,1-463415071,fetchdata,2025-2026,Engineering and Technology,1,1,1,1,Gujarat,1
1-44640983498,"GOVERNMENT POLYTECHNIC, HIMATNAGAR","GADHODA ROAD, MOTIPURA",SABARKANTHA,Government,N,N,1-441723281,fetchdata,2025-2026,Engineering and Technology,1,1,1,1,Gujarat,1
1-44641028723,SHREE VASUDEVBHAI AND KANTIBHAI PATEL INSTITUTE OF ENGINEERING,KADI-KALYANPURA ROAD AT-NANIKADI,MEHSANA,Private-Self Financing,N,N,1-1386427851,fetchdata,2025-2026,Engineering and Technology,1,1,1,1,Gujarat,1
1-44641325026,NAVSARJAN POLYTECHNIC,"AT. RAMPURA (KUWAIDA), TA. VIJAPUR, DIST. MEHSANA, GUJARAT",MEHSANA,Private-Self Financing,N,N,1-501930861,fetchdata,2025-2026,Engineering and Technology,1,1,1,1,Gujarat,1
1-44641284570,SARDAR PATEL COLLEGE OF ENGINEERING AND TECHNOLOGY,"SARDAR PATEL EDUCATION CAMPUS, VIDYANAGAR-VADTAL ROAD, BAKROL",ANAND,Private-Self Financing,N,N,1-2188939611,fetchdata,2025-2026,Engineering and Technology,1,1,1,1,Gujarat,1
1-44641327304,NEOTECH INSTITUTE OF TECHNOLOGY,"AT & POST:VIROD TA:VADODARA, DIST: VADODARA",VADODARA,Private-Self Financing,N,N,1-1498261731,fetchdata,2025-2026,Engineering and Technology,1,1,1,1,Gujarat,1
1-44641446403,KALYAN POLYTECHNIC,"ALIYABADA ROAD, JAMBUDA CHOWKDI, VILLAGE: SEKHPAT,",JAMNAGAR,Private-Self Financing,N,N,1-2186606031,fetchdata,2025-2026,Engineering and Technology,1,1,1,1,Gujarat,1
1-44641034727,SHREE SWAMINARAYAN INSTITUTE OF TECHNOLOGY,"NEAR EDI, BHAT CIRCLE, AHMEDABAD AIRPORT TO GANDHINAGAR HIGHWAY, BHAT, GANDHINAGAR",GANDHINAGAR,Private-Self Financing,N,N,1-2181986031,fetchdata,2025-2026,Engineering and Technology,1,1,1,1,Gujarat,1
1-44642356386,"GOVERNMENT ENGINEERING COLLEGE, AT.KATPUR, PATAN","GOVERNMENT ENGINEERING COLLEGE,  AT.KATPUR,  DIS.-PATAN TA.-PATAN NORTH GUJARAT, PATAN-384265",PATAN,Government,N,N,1-4317911,fetchdata,2025-2026,Engineering and Technology,1,1,1,1,Gujarat,1
1-44641549024,IPCOWALA INSTITUTE OF ENGINEERING & TECHNOLOGY,"AMRAPALI TOWNSHIP, PETLAD-KHAMBHAT ROAD, DHARMAJ-388430, TA : PETLAD, DIST : ANAND",ANAND,Private-Self Financing,N,N,1-441855031,fetchdata,2025-2026,Engineering and Technology,1,1,1,1,Gujarat,1
1-44641806108,"SANKALCHAND PATEL COLLEGE OF ENGINEERING, VISNAGAR","SANKALCHAND PATEL SAHAKAR VIDYADHAM, GANDHINAGAR - AMBAJI STATE HIGHWAY,  KAMANA CHAR RASTA,",MEHSANA,Private-Self Financing,N,N,1-3143591,fetchdata,2025-2026,Engineering and Technology,1,1,1,1,Gujarat,1
1-44641745478,K.J.INSTITUTE OF ENGINEERING & TECHNOLOGY,"K.J.INSTITUTE OF ENGINEERING & TECHNOLOGY, OPP. I.T.I, JAVLA, SAVLI-391770, DIST: VADODARA",VADODARA,Private-Self Financing,N,N,1-4024292,fetchdata,2025-2026,Engineering and Technology,1,1,1,1,Gujarat,1
1-44641808080,PARUL INSTITUTE OF ENGINEERING & TECHNOLOGY (DIPLOMA STUDIES),"P.O. LIMDA, TAL. WAGHODIA, DIST. VADODARA - 391760, GUJARAT STATE",VADODARA,Private-Self Financing,N,N,1-425311051,fetchdata,2025-2026,Engineering and Technology,1,1,1,1,Gujarat,1
1-44642074593,NARNARAYAN SHASTRI INSTITUTE OF TECHNOLOGY,"C/O.SWAMINARAYAN GURUKUL, AT:JETALPUR, TA:DASKROI, DIST:AHMEDABAD  STATE:GUJARAT",AHMEDABAD,Private-Self Financing,N,N,1-24142851,fetchdata,2025-2026,Engineering and Technology,1,1,1,1,Gujarat,1
1-44641814669,VEER NARMAD SOUTH GUJARAT UNIVERSITY,"UDHNA MAGDALLA ROAD,",SURAT,State Government University,N,N,1-483409782,fetchdata,2025-2026,Engineering and Technology,1,1,1,1,Gujarat,1
1-44641852157,"GOVERNMENT ENGINEERING COLLEGE, SECTOR-28","NR-ANIMAL VACCINE INSTITUTE, SECTOR-28, GANDHINAGAR",GANDHINAGAR,Government,N,N,1-8254391,fetchdata,2025-2026,Engineering and Technology,1,1,1,1,Gujarat,1
1-44641952602,"GOVERNMENT ENGINEERING COLLEGE, MODASA",SHAMLAJI ROAD MODASA - 383315 DIST. SABARKANTHA GUJARAT INDIA,SABARKANTHA,Government,N,N,1-4831741,fetchdata,2025-2026,Engineering and Technology,1,1,1,1,Gujarat,1
1-44642274216,DALIA INSTITUTE OF TECHNOLOGY,"AHMEDABD-KHEDA,NATIONAL HIGHWAY NO-8,NEAR BAREJA.",KHEDA,Private-Self Financing,N,N,1-445545301,fetchdata,2025-2026,Engineering and Technology,1,1,1,1,Gujarat,1
1-44641578574,"GOVERNMENT POLYTECHNIC, BHUJ","OPP. HILL GARDEN, AIRPORT ROAD",KUTCH,Government,N,N,1-424318401,fetchdata,2025-2026,Engineering and Technology,1,1,1,1,Gujarat,1
1-44641659758,LEELABEN DASHRATHBHAI RAMDAS PATEL(LDRP)INSTITUTE OF TECHNOLOGY AND RESEARCH,"BESIDES ITI, NR KH 5 CIRCLE, SECTOR 15",GANDHINAGAR,Private-Self Financing,N,N,1-5982875,fetchdata,2025-2026,Engineering and Technology,1,1,1,1,Gujarat,1
1-44642276487,"S.N.PATEL INSTITUTE OF TECHNOLOGY (SNPIT), BARDOLI, SURAT","VIDYA BHARTI CAMPUS BARDOLI - MOTA ROAD, UMRAKH TA. BARDOLI, DIST. SURAT, STATE. GUJARAT",SURAT,Private-Self Financing,N,N,1-2605911,fetchdata,2025-2026,Engineering and Technology,1,1,1,1,Gujarat,1
1-44641579796,BHAGWAN MAHAVIR POLYTECHNIC,"SURVEY NO:149, NEW CITY LIGHT ROAD, NR.ASHIRWAD VILLA, B/H. HEENA BUNGLOWS, BHARTHANA VESU SURAT",SURAT,Private-Self Financing,N,N,1-404370901,fetchdata,2025-2026,Engineering and Technology,1,1,1,1,Gujarat,1
1-44641771420,SARDAR VALLABHBHAI PATEL INSTITUTE OF TECHNOLOGY (SVIT),"AT & PO. RAJUPURA, VASAD - 388 306, GUJARAT, INDIA",ANAND,Private-Self Financing,N,N,1-14377191,fetchdata,2025-2026,Engineering and Technology,1,1,1,1,Gujarat,1
1-44641911801,"FACULTY OF TECHNOLOGY & ENGINEERING, THE MAHARAJA SAYAJIRAO UNIVERSITY OF BARODA","FACULTY OF TECHNOLOGY & ENGINEERING, KALABHAVAN, POST BOX 51, DANDIA BAZAR, VADODARA - 390001",VADODARA,State Government University,N,N,1-422761623,fetchdata,2025-2026,Engineering and Technology,1,1,1,1,Gujarat,1
1-44641584141,GOVERNMENT POLYTECHNIC FOR GIRLS,ATHWAGATE NANPURA,SURAT,Government,Y,N,1-424114261,fetchdata,2025-2026,Engineering and Technology,1,1,1,1,Gujarat,1
1-44641914888,SIGMA INSTITUTE OF ENGINEERING,"SIGMA INSTITUTE OF TECHNOLOGY & ENGINEERING CAMPUS AJWA-NIMETA ROAD, BAKROL , TA: WAGHODIA, DIST: VADODARA",VADODARA,Private-Self Financing,N,N,1-5768921,fetchdata,2025-2026,Engineering and Technology,1,1,1,1,Gujarat,1
1-44642003506,N.G. PATEL POLYTECHINC,"AT. ISROLI, PO. AFWA, VIA VANKANER,TA. BARDOLI(BARDOLI-NAVSARI ROAD), DIST.SURAT, PIN CODE - 394620.",SURAT,Private-Self Financing,N,N,1-444187141,fetchdata,2025-2026,Engineering and Technology,1,1,1,1,Gujarat,1
1-44642236575,TAPI DIPLOMA ENGINEERING COLLEGE,"OPP. SPINNING MILL, VARACHHA ROAD, SURAT",SURAT,Private-Self Financing,N,N,1-4535261,fetchdata,2025-2026,Engineering and Technology,1,1,1,1,Gujarat,1
1-44641531152,"GOVERNMENT POLYTECHNIC, CHHOTAUDEPUR","FATEHPURA, CHHOTAUDEPUR, VADODARA",VADODARA,Government,N,N,1-444187041,fetchdata,2025-2026,Engineering and Technology,1,1,1,1,Gujarat,1
1-44642295707,BHAGWAN MAHAVIR COLLEGE OF ENGINEERING AND TECHNOLOGY,"S. NO. 149/B, B/H. HEENA BUNGLOWS, NR. AASHIRWAD VILLA, NEW CITY LIGHT ROAD, BHARTHANA - VESU, SURAT - 395017.",SURAT,Private-Self Financing,N,N,1-6384145,fetchdata,2025-2026,Engineering and Technology,1,1,1,1,Gujarat,1
1-44642237208,INDUS INSTITUTE OF TECHNOLOGY &  ENGINEERING,"VILLAGE: RANCHARDA,  SUB DIST(TALUKA): KALOL, DIST.: GANDHINAGAR - 382 115 GUJARAT, (INDIA)",GANDHINAGAR,Private-Self Financing,N,N,1-6625711,fetchdata,2025-2026,Engineering and Technology,1,1,1,1,Gujarat,1
1-44641532146,GOVERNMENT POLYTECHNIC RAJKOT,BHAVNAGAR ROAD NEAR AAJI DAM,RAJKOT,Government,N,N,1-413151231,fetchdata,2025-2026,Engineering and Technology,1,1,1,1,Gujarat,1
1-44642297700,LUKHDHIRJI ENGINEERING COLLEGE,LUKHDHIRJI ENGINEERING COLLEGE SAMA KANTHA MORBI  DISTRICT RAJKOT STATE GUJARAT PIN CODE 363642,RAJKOT,Government,N,N,1-6133641,fetchdata,2025-2026,Engineering and Technology,1,1,1,1,Gujarat,1
1-44641830948,CENTRAL INSTITUTE OF PETROCHEMICALS ENGINEERING & TECHNOLOGY,"PLOT NO: 630, PHASE IV, GIDC, VATVA, AHMEDABAD.",AHMEDABAD,Government,N,N,1-3687373,fetchdata,2025-2026,Engineering and Technology,1,1,1,1,Gujarat,1
1-44641832195,SANJAYBHAI RAJGURU COLLEGE OF ENGINEERING,RAJHAS EDUCATION TRUST OM SHANTI ENGGINEERING COLLEGE AT - POST HADMATIYA RAJKOT MORVI HIGHWAY POST BOX - 1006 RAJKOT - 360 003  GUJARAT INDIA,RAJKOT,Private-Self Financing,N,N,1-6025841,fetchdata,2025-2026,Engineering and Technology,1,1,1,1,Gujarat,1
1-44641925723,ATMIYA UNIVERSITY,"""YOGIDHAM GURUKUL"", KALAWAD ROAD",RAJKOT,State Private University,N,N,1-1711090,fetchdata,2025-2026,Engineering and Technology,1,1,1,1,Gujarat,1
1-44642302285,G H PATEL COLLEGE OF ENGINEERING & TECHNOLOGY,BAKROL ROAD VALLABH VIDYANAGAR - 388 120 TA & DIST = ANAND GUJARAT,ANAND,Private-Self Financing,N,N,1-4813901,fetchdata,2025-2026,Engineering and Technology,1,1,1,1,Gujarat,1
1-44641676837,LALJIBHAI CHATURBHAI INSTITUTE OF TECHNOLOGY,MEHSANA-UNJHA STATE HIGHWAY,MEHSANA,Private-Self Financing,N,N,1-3958501,fetchdata,2025-2026,Engineering and Technology,1,1,1,1,Gujarat,1
1-44641678195,AHMEDABAD INSTITUTE OF TECHNOLOGY,BESIDE VASANTNAGAR TOWNSHIP GOTA OGNAJ ROAD OFF GOTA CROSS ROAD,AHMEDABAD,Private-Self Financing,N,N,1-2931693,fetchdata,2025-2026,Engineering and Technology,1,1,1,1,Gujarat,1
1-44642250885,U. V. PATEL COLLEGE OF ENGINEERING,GANPAT VIDYANAGAR MEHSANA-GOZARIA HIGHWAY KHERVA,MEHSANA,Private-Self Financing,N,N,1-4161824,fetchdata,2025-2026,Engineering and Technology,1,1,1,1,Gujarat,1
1-44642355580,CHHOTUBHAI GOPALBHAI PATEL INSTITUTE OF TECHNOLOGY,"MALIBA CAMPUS, GOPAL VIDYNAGAR, BARDOLI-MAHUVA ROAD",SURAT,Private-Self Financing,N,N,1-5019991,fetchdata,2025-2026,Engineering and Technology,1,1,1,1,Gujarat,1
1-44641883261,"KANKESHWARIDEVI INSTITUE OF TECHNOLOGY,JAMNAGAR","NEAR NARNAPARA FOREST NURSERY, OPP.RANJITSAGAR DAM, JAMNAGAR-SAMANA ROAD, JAMNAGAR",JAMNAGAR,Private-Self Financing,N,N,1-8708051,fetchdata,2025-2026,Engineering and Technology,1,1,1,1,Gujarat,1
1-44643230639,GOVERNMENT ENGINEERING COLLEGE BHUJ,"NEW RAVAL VADI RELOCATION SITE, NEAR SAHAYOG NAGAR",KUTCH,Government,N,N,1-7859771,fetchdata,2025-2026,Engineering and Technology,1,1,1,1,Gujarat,1
1-44643234517,GOVERNMENT ENGINEERING COLLEGE,"GOVERNMENT ENGINEERING COLLEGE, NEAR BPTI VIDYANAGAR, BHAVNAGAR-364002",BHAVNAGAR,Government,N,N,1-6341911,fetchdata,2025-2026,Engineering and Technology,1,1,1,1,Gujarat,1
1-44643718446,MERCHANT ENGINEERING COLLEGE,"MEHSANA - VISNAGAR HIGHWAY, AT & PO. BASNA, TA. VISNAGAR, DIST.MEHSNA NORTH GUJARAT  PIN. 384315",MEHSANA,Private-Self Financing,N,N,1-4801204,fetchdata,2025-2026,Engineering and Technology,1,1,1,1,Gujarat,1
1-44643681436,SILVER OAK COLLEGE OF ENGINEERING AND TECHNOLOGY  WITHIN AHMEDABAD MUNICIPAL CORPORATION LIMIT,"352,353A, NR. BHAVIK PUBLICATION, NR. GOTA CROSS ROAD, OPP. BHAGAVAT VIDYAPITH, S. G. HIGHWAY,AHMEDABAD,GUJARAT",AHMEDABAD,State Private University,N,N,1-4866341,fetchdata,2025-2026,Engineering and Technology,1,1,1,1,Gujarat,1
1-44643459460,KALOL INSTITUTE OF TECHNOLOGY & RESEARCH CENTRE,"B/H OLD JANPATH HOTEL,AHMEDABAD-MEHSANA NATIONAL HIGHWAY, KALOL, TA-KALOL,DIST-GANDHINAGAR.",GANDHINAGAR,Private-Self Financing,N,N,1-4560117,fetchdata,2025-2026,Engineering and Technology,1,1,1,1,Gujarat,1
1-44643151092,S.P.B. PATEL ENGINEERING COLLEGE,"SAFFRONY INSTITUTE OF TECHNOLOGY CAMPUS, NR. SAFFRONY HOLIDAY RESORT, AHMEDABAD-MEHSANA HIGHWAY, AT & POST - LINCH, TAL & DIST. - MEHSANA",MEHSANA,Private-Self Financing,N,N,1-2902541,fetchdata,2025-2026,Engineering and Technology,1,1,1,1,Gujarat,1
1-44643462613,"VISHWAKARMA GOVERNMENT ENGINEERING COLLEGE, CHANDKHEDA","OPP. SANGATH MALL, VISAT-KOBA ROAD, CHANDKHEDA",AHMEDABAD,Government,N,N,1-7937511,fetchdata,2025-2026,Engineering and Technology,1,1,1,1,Gujarat,1
1-44643333474,CHRIST POLYTECHNIC INSTITUTE,"""CHRIST CAMPUS"", VIDYA NIKETAN, SAURASHTRA UNIVERSITY P. O., RAJKOT",RAJKOT,Private-Self Financing,N,Y,1-421853003,fetchdata,2025-2026,Engineering and Technology,1,1,1,1,Gujarat,1
1-44643467113,"GOVERNMENT ENGINEERING COLLEGE, DAHOD","GOVERNEMNT ENGINEERING COLLEGE, ZALOD ROAD, DAHOD-389151",DAHOD,Government,N,N,1-18925291,fetchdata,2025-2026,Engineering and Technology,1,1,1,1,Gujarat,1
1-44643337669,B. H. GARDI COLLEGE OF ENGINEERING & TECHNOLOGY,"OPP. SHIV SHAKTI HOTEL, RAJKOT - KALAWAD HIGHWAY, VILLAGE : ANANDPAR TALUKA : KALAWAD DIST : JAMNAGAR",JAMNAGAR,Private-Self Financing,N,N,1-5981451,fetchdata,2025-2026,Engineering and Technology,1,1,1,1,Gujarat,1
1-44643471242,MAHATMA GANDHI INSTITUTE OF TECHNICAL EDUCATION AND RESEARCH CENTRE,"NPE-CAMPUS ,BHANUNAGAR, ERU-AAT ROAD TA:JALALPOR DI:NAVSARI",NAVSARI,Private-Self Financing,N,N,1-19782301,fetchdata,2025-2026,Engineering and Technology,1,1,1,1,Gujarat,1
1-44643164961,SHREE SWAMI ATMANAND SARASWATI INSTITUTE OF TECHNOLOGY,"SHREE SWAMI ATMANAND SARSWATI VIDYA SANKUL, KAPODRA, VARACHHA ROAD SURAT, GUJARAT. PIN CODE : 395006",SURAT,Private-Self Financing,N,N,1-2407525,fetchdata,2025-2026,Engineering and Technology,1,1,1,1,Gujarat,1
1-44643211744,"M.L.INSTITUTE OF DIPLOMA STUDIES, BHANDU",STREET:  LALJI PARK ADD2:  UNJHA-MEHSANA HIGHWAY CITY:  BHANDU TEHSIL:  VISNAGAR DIS:  MEHSANA PINCODE:  384120 STATE:  GUJARAT,MEHSANA,Private-Self Financing,N,N,1-421103554,fetchdata,2025-2026,Engineering and Technology,1,1,1,1,Gujarat,1
1-44643427751,"DR. S. & S. S. GHANDHY GOVERNMENT ENGINEERING COLLEGE, SURAT.","DR. S & S.S. GANDHY ENGINEERING COLLEGE CAMPUS, MAJURA GATE, OPP RTO, SURAT- 395001",SURAT,Government,N,N,1-6504386,fetchdata,2025-2026,Engineering and Technology,1,1,1,1,Gujarat,1
1-44643604765,PARUL POLYTECHNIC INSTITUTE,"P.O. LIMDA, TAL. WAGHODIA, DIST. VADODARA - 391760, GUJARAT STATE",VADODARA,Private-Self Financing,N,N,1-425560271,fetchdata,2025-2026,Engineering and Technology,1,1,1,1,Gujarat,1
1-44643122522,DARSHAN INSTITUTE OF ENGINEERING & TECHNOLOGY,"AT: HADALA NEAR WATER SUMP, RAJKOT-MORBI HIGHWAY,",RAJKOT,State Private University,N,N,1-3049261,fetchdata,2025-2026,Engineering and Technology,1,1,1,1,Gujarat,1
1-44643519432,BIRLA VISHVAKARMA MAHAVIDYALAYA,"(ENGINEERING COLLEGE) P.B. NO. : 20 VALLABH VIDYANAGAR - 388 120  GUJARAT, INDIA",ANAND,Govt aided,N,N,1-2513951,fetchdata,2025-2026,Engineering and Technology,1,1,1,1,Gujarat,1
1-44643745827,C.K.PITHAWALA COLLEGE OF ENGG & TECHNOLOGY,"NEAR MALVAN MANDIR, VIA-MAGDALLA PORT",SURAT,Private-Self Financing,N,N,1-6666611,fetchdata,2025-2026,Engineering and Technology,1,1,1,1,Gujarat,1
1-44643656305,SARVAJANIK COLLEGE OF ENGINEERING AND TECHNOLOGY,"DR. R.K. DESAI MARG, OPP. MISSION HOSPITAL, ATHWALINES, SURAT - 395001.",SURAT,Private-Self Financing,N,N,1-2650394,fetchdata,2025-2026,Engineering and Technology,1,1,1,1,Gujarat,1
1-44643311346,"ENGINEERING COLLEGE, TUWA","AT. & POST. TUWA, TALUKA. GODHRA, DIST. PANCHMAHLS GUJARAT",PANCHMAHAL,Private-Self Financing,N,N,1-2388932,fetchdata,2025-2026,Engineering and Technology,1,1,1,1,Gujarat,1
1-44643357539,"GOVERNMENT ENGINEERING COLLEGE,GODHRA","OPP CIVIL HOSPITAL, GODHRA",PANCHMAHAL,Government,N,N,1-4823033,fetchdata,2025-2026,Engineering and Technology,1,1,1,1,Gujarat,1
1-44642712421,A.D.PATEL INSTITUTE OF TECHNOLOGY,"P.O.BOX NO.:-52,  BEHIND 4TH PHASE, GIDC VITTHAL UDYOGNAGAR, NEW VALLABH VIDYA NAGAR",ANAND,Private-Self Financing,N,N,1-7126777,fetchdata,2025-2026,Engineering and Technology,1,1,1,1,Gujarat,1
1-44642961216,L. D. COLLEGE OF ENGINEERING,"NEAR GUJARAT UNIVERSITY, NAVRANGPURA, AHMEDABAD- 380015",AHMEDABAD,Government,N,N,1-7916986,fetchdata,2025-2026,Engineering and Technology,1,1,1,1,Gujarat,1
1-44642502034,L. J. INSTITUTE OF ENGINEERING & TECHNOLOGY,"L.J. CAMPUS, NEAR NAGDEV KALYAN MANDIR, SARKHEJ- SANAND CIRCLE, SARKHEJ - GANDHINAGAR HIGHWAY, AHMEDABAD",AHMEDABAD,Private-Self Financing,N,N,1-25028181,fetchdata,2025-2026,Engineering and Technology,1,1,1,1,Gujarat,1
1-44642964305,"GOVERNMENT ENGINEERING COLLEGE, RAJKOT","MAVADI-KANKOT ROAD, NEAR HANUMAN TEMPLE, OPP. KANKOT VILLAGE",RAJKOT,Government,N,N,1-6601471,fetchdata,2025-2026,Engineering and Technology,1,1,1,1,Gujarat,1
1-44642965002,SAL INSTITUTE OF TECHNOLOGY & ENGINEERING RESEARCH,"OPP. SCIENCE SITY, VILLAGE : BHADAJ",AHMEDABAD,Private-Self Financing,N,N,1-2389881,fetchdata,2025-2026,Engineering and Technology,1,1,1,1,Gujarat,1
1-44642452398,RMS POLYTECHNIC,"BL. NO.18/P, AJWA NIMETA ROAD, VILLAGE: BAKROL, TA: WAGHODIYA DIST.: VADODARA",VADODARA,Private-Self Financing,N,N,1-431090664,fetchdata,2025-2026,Engineering and Technology,1,1,1,1,Gujarat,1
1-44642888057,OM INSTITUTE OF ENGINEERING AND TECHNOLOGY,"JUNAGADH-BHESAN ROAD, AT : CHOKLI, JUNAGADH",JUNAGADH,Private-Self Financing,N,N,1-444178883,fetchdata,2025-2026,Engineering and Technology,1,1,1,1,Gujarat,1
1-44642967201,SMT. S. R. PATEL ENGINEERING COLLEGE,"AT & P.O. : DABHI , TA. : UNJHA,  DIST. : MEHSANA",MEHSANA,Private-Self Financing,N,N,1-6596801,fetchdata,2025-2026,Engineering and Technology,1,1,1,1,Gujarat,1
1-44642826943,SHRI S'AD VIDYA MANDAL INSTITUTE OF TECHNOLOGY,"COLLEGE CAMPUS, OLD NATIONAL HIGHWAY NO.08, BHARUCH - 392 001",BHARUCH,Private-Self Financing,N,N,1-5310383,fetchdata,2025-2026,Engineering and Technology,1,1,1,1,Gujarat,1
1-44642485642,V. V. P. ENGINEERING COLLEGE,"VIRDA-VAJADI, KALAWAD ROAD RAJKOT",RAJKOT,Private-Self Financing,N,N,1-19023177,fetchdata,2025-2026,Engineering and Technology,1,1,1,1,Gujarat,1
1-44642659248,SHANTILAL SHAH ENGINEERING COLLEGE,SIDSAR PO:VARTEJ BHAVNAGAR,BHAVNAGAR,Government,N,N,1-6213621,fetchdata,2025-2026,Engineering and Technology,1,1,1,1,Gujarat,1
1-44642874041,"GOVERNMENT ENGINEERING COLLEGE, BHARUCH","OPP. GOVT. REST HOUSE, NR. OLD NATIONAL HIGHWAY NO-08 BHOLAV, BHARUCH. ( GUJARAT)",BHARUCH,Government,N,N,1-6595591,fetchdata,2025-2026,Engineering and Technology,1,1,1,1,Gujarat,1
1-44643864170,SHRRE SWAMINARAYAN GADI INSTITUTE OF TECHNOLOGY,BESIDES SHAH TOLL NAKA GITAMANDIR ROAD,AHMEDABAD,Private-Self Financing,N,N,1-44102363960,fetchdata,2025-2026,Engineering and Technology,1,1,1,1,Gujarat,1
1-44643821131,NARNARAYAN SHASTRI INSTITUTE OF TECHNOLOGY INSTITUTE OF FORENSIC SCIENCES AND CYBER SECURITY,"SHREE SWAMINARAYAN GURUKUL CAMPUS, AT POST : JETALPUR",AHMEDABAD,Private-Self Financing,N,N,1-43994933627,fetchdata,2025-2026,Engineering and Technology,1,1,1,1,Gujarat,1
1-44643823733,MAKTABAH JAFARIYAH SCHOOL OF ENGINEERING AND TECHNOLOGY,"MAKTABAH JAFARIYAH KNOWLEDGE AND RESEARCH ACADEMY, SEDRANA SQUARE, SEDRANA, TA- SIDHPUR, DIST- PATAN.",PATAN,Private-Self Financing,N,N,1-44001524728,fetchdata,2025-2026,Engineering and Technology,1,1,1,1,Gujarat,1
1-44643859444,PLASTINDIA INTERNATIONAL UNIVERSITY,"DUNGRA COLONY ROAD,DUNGRA GIDC,",VALSAD,State Private University,N,N,1-44083238183,fetchdata,2025-2026,Engineering and Technology,1,1,1,1,Gujarat,1
1-44643863332,MARWADI UNIVERSITY,RAJKOT MORBI HIGHWAY NEAR GAURIDAD RAJKOT,RAJKOT,State Private University,N,N,1-44096844407,fetchdata,2025-2026,Engineering and Technology,1,1,1,1,Gujarat,1
1-44893810785,VIJAY INSTITUTE OF TECHNOLOGY,"AT UNA, LAMDHAR PATIYA, VERAVAL BHAVNAGAR BYPASS ROAD- 362560-GUJARAT",GIR SOMNATH,Private-Self Financing,N,N,1-44893810785,fetchdata,2025-2026,Engineering and Technology,1,1,1,1,Gujarat,1
1-44753582863,UCP INSTITUTE OF TECHNOLOGY,"CHIMANBHAI PATEL INSTITUTE CAMPUS, S.G. HIGHWAY,, PRAHLADNAGAR",AHMEDABAD,Private-Self Financing,N,N,1-44753582863,fetchdata,2025-2026,Engineering and Technology,1,1,1,1,Gujarat,1
1-44768791003,NOBLE INSTITUTE OF TECHNOLOGY,"DABHOI-KARJAN ROAD, MOTAHABHIPURA, TA-DABHOI, DIST-VADODARA - 391110",SURAT,Private-Self Financing,N,N,1-44768791003,fetchdata,2025-2026,Engineering and Technology,1,1,1,1,Gujarat,1
